season,week,posteam,team_qb
2025,12,ARI,Jacoby Brissett
2025,11,ARI,Jacoby Brissett
2025,10,ARI,Jacoby Brissett
2025,9,ARI,Jacoby Brissett
2025,7,ARI,Jacoby Brissett
2025,6,ARI,Jacoby Brissett
2025,5,ARI,Kyler Murray
2025,4,ARI,Kyler Murray
2025,3,ARI,Kyler Murray
2025,2,ARI,Kyler Murray
2025,1,ARI,Kyler Murray
2024,18,ARI,Kyler Murray
2024,17,ARI,Kyler Murray
2024,16,ARI,Kyler Murray
2024,15,ARI,Kyler Murray
2024,14,ARI,Kyler Murray
2024,13,ARI,Kyler Murray
2024,12,ARI,Kyler Murray
2024,10,ARI,Kyler Murray
2024,9,ARI,Kyler Murray
2024,8,ARI,Kyler Murray
2024,7,ARI,Kyler Murray
2024,6,ARI,Kyler Murray
2024,5,ARI,Kyler Murray
2024,4,ARI,Kyler Murray
2024,3,ARI,Kyler Murray
2024,2,ARI,Kyler Murray
2024,1,ARI,Kyler Murray
2023,18,ARI,Kyler Murray
2023,17,ARI,Kyler Murray
2023,16,ARI,Kyler Murray
2023,15,ARI,Kyler Murray
2023,13,ARI,Kyler Murray
2023,12,ARI,Kyler Murray
2023,11,ARI,Kyler Murray
2023,10,ARI,Kyler Murray
2023,9,ARI,Clayton Tune
2023,8,ARI,Joshua Dobbs
2023,7,ARI,Joshua Dobbs
2023,6,ARI,Joshua Dobbs
2023,5,ARI,Joshua Dobbs
2023,4,ARI,Joshua Dobbs
2023,3,ARI,Joshua Dobbs
2023,2,ARI,Joshua Dobbs
2023,1,ARI,Joshua Dobbs
2025,12,ATL,Kirk Cousins
2025,11,ATL,Michael Penix
2025,10,ATL,Michael Penix
2025,9,ATL,Michael Penix
2025,8,ATL,Kirk Cousins
2025,7,ATL,Michael Penix
2025,6,ATL,Michael Penix
2025,4,ATL,Michael Penix
2025,3,ATL,Michael Penix
2025,2,ATL,Michael Penix
2025,1,ATL,Michael Penix
2024,18,ATL,Michael Penix Jr.
2024,17,ATL,Michael Penix Jr.
2024,16,ATL,Michael Penix Jr.
2024,15,ATL,Kirk Cousins
2024,14,ATL,Kirk Cousins
2024,13,ATL,Kirk Cousins
2024,11,ATL,Kirk Cousins
2024,10,ATL,Kirk Cousins
2024,9,ATL,Kirk Cousins
2024,8,ATL,Kirk Cousins
2024,7,ATL,Kirk Cousins
2024,6,ATL,Kirk Cousins
2024,5,ATL,Kirk Cousins
2024,4,ATL,Kirk Cousins
2024,3,ATL,Kirk Cousins
2024,2,ATL,Kirk Cousins
2024,1,ATL,Kirk Cousins
2023,18,ATL,Desmond Ridder
2023,17,ATL,Taylor Heinicke
2023,16,ATL,Taylor Heinicke
2023,15,ATL,Desmond Ridder
2023,14,ATL,Desmond Ridder
2023,13,ATL,Desmond Ridder
2023,12,ATL,Desmond Ridder
2023,10,ATL,Taylor Heinicke
2023,9,ATL,Taylor Heinicke
2023,8,ATL,Taylor Heinicke
2023,7,ATL,Desmond Ridder
2023,6,ATL,Desmond Ridder
2023,5,ATL,Desmond Ridder
2023,4,ATL,Desmond Ridder
2023,3,ATL,Desmond Ridder
2023,2,ATL,Desmond Ridder
2023,1,ATL,Desmond Ridder
2025,12,BAL,Lamar Jackson
2025,11,BAL,Lamar Jackson
2025,10,BAL,Lamar Jackson
2025,9,BAL,Lamar Jackson
2025,8,BAL,Tyler Huntley
2025,6,BAL,Tyler Huntley
2025,5,BAL,Cooper Rush
2025,4,BAL,Lamar Jackson
2025,3,BAL,Lamar Jackson
2025,2,BAL,Lamar Jackson
2025,1,BAL,Lamar Jackson
2024,20,BAL,Lamar Jackson
2024,19,BAL,Lamar Jackson
2024,18,BAL,Lamar Jackson
2024,17,BAL,Lamar Jackson
2024,16,BAL,Lamar Jackson
2024,15,BAL,Lamar Jackson
2024,13,BAL,Lamar Jackson
2024,12,BAL,Lamar Jackson
2024,11,BAL,Lamar Jackson
2024,10,BAL,Lamar Jackson
2024,9,BAL,Lamar Jackson
2024,8,BAL,Lamar Jackson
2024,7,BAL,Lamar Jackson
2024,6,BAL,Lamar Jackson
2024,5,BAL,Lamar Jackson
2024,4,BAL,Lamar Jackson
2024,3,BAL,Lamar Jackson
2024,2,BAL,Lamar Jackson
2024,1,BAL,Lamar Jackson
2023,21,BAL,Lamar Jackson
2023,20,BAL,Lamar Jackson
2023,18,BAL,Tyler Huntley
2023,17,BAL,Lamar Jackson
2023,16,BAL,Lamar Jackson
2023,15,BAL,Lamar Jackson
2023,14,BAL,Lamar Jackson
2023,12,BAL,Lamar Jackson
2023,11,BAL,Lamar Jackson
2023,10,BAL,Lamar Jackson
2023,9,BAL,Lamar Jackson
2023,8,BAL,Lamar Jackson
2023,7,BAL,Lamar Jackson
2023,6,BAL,Lamar Jackson
2023,5,BAL,Lamar Jackson
2023,4,BAL,Lamar Jackson
2023,3,BAL,Lamar Jackson
2023,2,BAL,Lamar Jackson
2023,1,BAL,Lamar Jackson
2025,12,BUF,Josh Allen
2025,11,BUF,Josh Allen
2025,10,BUF,Josh Allen
2025,9,BUF,Josh Allen
2025,8,BUF,Josh Allen
2025,6,BUF,Josh Allen
2025,5,BUF,Josh Allen
2025,4,BUF,Josh Allen
2025,3,BUF,Josh Allen
2025,2,BUF,Josh Allen
2025,1,BUF,Josh Allen
2024,21,BUF,Josh Allen
2024,20,BUF,Josh Allen
2024,19,BUF,Josh Allen
2024,18,BUF,Mitchell Trubisky
2024,17,BUF,Josh Allen
2024,16,BUF,Josh Allen
2024,15,BUF,Josh Allen
2024,14,BUF,Josh Allen
2024,13,BUF,Josh Allen
2024,11,BUF,Josh Allen
2024,10,BUF,Josh Allen
2024,9,BUF,Josh Allen
2024,8,BUF,Josh Allen
2024,7,BUF,Josh Allen
2024,6,BUF,Josh Allen
2024,5,BUF,Josh Allen
2024,4,BUF,Josh Allen
2024,3,BUF,Josh Allen
2024,2,BUF,Josh Allen
2024,1,BUF,Josh Allen
2023,20,BUF,Josh Allen
2023,19,BUF,Josh Allen
2023,18,BUF,Josh Allen
2023,17,BUF,Josh Allen
2023,16,BUF,Josh Allen
2023,15,BUF,Josh Allen
2023,14,BUF,Josh Allen
2023,12,BUF,Josh Allen
2023,11,BUF,Josh Allen
2023,10,BUF,Josh Allen
2023,9,BUF,Josh Allen
2023,8,BUF,Josh Allen
2023,7,BUF,Josh Allen
2023,6,BUF,Josh Allen
2023,5,BUF,Josh Allen
2023,4,BUF,Josh Allen
2023,3,BUF,Josh Allen
2023,2,BUF,Josh Allen
2023,1,BUF,Josh Allen
2025,12,CAR,Bryce Young
2025,11,CAR,Bryce Young
2025,10,CAR,Bryce Young
2025,9,CAR,Bryce Young
2025,8,CAR,Andy Dalton
2025,7,CAR,Bryce Young
2025,6,CAR,Bryce Young
2025,5,CAR,Bryce Young
2025,4,CAR,Bryce Young
2025,3,CAR,Bryce Young
2025,2,CAR,Bryce Young
2025,1,CAR,Bryce Young
2024,18,CAR,Bryce Young
2024,17,CAR,Bryce Young
2024,16,CAR,Bryce Young
2024,15,CAR,Bryce Young
2024,14,CAR,Bryce Young
2024,13,CAR,Bryce Young
2024,12,CAR,Bryce Young
2024,10,CAR,Bryce Young
2024,9,CAR,Bryce Young
2024,8,CAR,Bryce Young
2024,7,CAR,Andy Dalton
2024,6,CAR,Andy Dalton
2024,5,CAR,Andy Dalton
2024,4,CAR,Andy Dalton
2024,3,CAR,Andy Dalton
2024,2,CAR,Bryce Young
2024,1,CAR,Bryce Young
2023,18,CAR,Bryce Young
2023,17,CAR,Bryce Young
2023,16,CAR,Bryce Young
2023,15,CAR,Bryce Young
2023,14,CAR,Bryce Young
2023,13,CAR,Bryce Young
2023,12,CAR,Bryce Young
2023,11,CAR,Bryce Young
2023,10,CAR,Bryce Young
2023,9,CAR,Bryce Young
2023,8,CAR,Bryce Young
2023,6,CAR,Bryce Young
2023,5,CAR,Bryce Young
2023,4,CAR,Bryce Young
2023,3,CAR,Andy Dalton
2023,2,CAR,Bryce Young
2023,1,CAR,Bryce Young
2025,12,CHI,Caleb Williams
2025,11,CHI,Caleb Williams
2025,10,CHI,Caleb Williams
2025,9,CHI,Caleb Williams
2025,8,CHI,Caleb Williams
2025,7,CHI,Caleb Williams
2025,6,CHI,Caleb Williams
2025,4,CHI,Caleb Williams
2025,3,CHI,Caleb Williams
2025,2,CHI,Caleb Williams
2025,1,CHI,Caleb Williams
2024,18,CHI,Caleb Williams
2024,17,CHI,Caleb Williams
2024,16,CHI,Caleb Williams
2024,15,CHI,Caleb Williams
2024,14,CHI,Caleb Williams
2024,13,CHI,Caleb Williams
2024,12,CHI,Caleb Williams
2024,11,CHI,Caleb Williams
2024,10,CHI,Caleb Williams
2024,9,CHI,Caleb Williams
2024,8,CHI,Caleb Williams
2024,6,CHI,Caleb Williams
2024,5,CHI,Caleb Williams
2024,4,CHI,Caleb Williams
2024,3,CHI,Caleb Williams
2024,2,CHI,Caleb Williams
2024,1,CHI,Caleb Williams
2023,18,CHI,Justin Fields
2023,17,CHI,Justin Fields
2023,16,CHI,Justin Fields
2023,15,CHI,Justin Fields
2023,14,CHI,Justin Fields
2023,12,CHI,Justin Fields
2023,11,CHI,Justin Fields
2023,10,CHI,Tyson Bagent
2023,9,CHI,Tyson Bagent
2023,8,CHI,Tyson Bagent
2023,7,CHI,Tyson Bagent
2023,6,CHI,Justin Fields
2023,5,CHI,Justin Fields
2023,4,CHI,Justin Fields
2023,3,CHI,Justin Fields
2023,2,CHI,Justin Fields
2023,1,CHI,Justin Fields
2025,12,CIN,Joe Flacco
2025,11,CIN,Joe Flacco
2025,9,CIN,Joe Flacco
2025,8,CIN,Joe Flacco
2025,7,CIN,Joe Flacco
2025,6,CIN,Joe Flacco
2025,5,CIN,Jake Browning
2025,4,CIN,Jake Browning
2025,3,CIN,Jake Browning
2025,2,CIN,Jake Browning
2025,1,CIN,Joe Burrow
2024,18,CIN,Joe Burrow
2024,17,CIN,Joe Burrow
2024,16,CIN,Joe Burrow
2024,15,CIN,Joe Burrow
2024,14,CIN,Joe Burrow
2024,13,CIN,Joe Burrow
2024,11,CIN,Joe Burrow
2024,10,CIN,Joe Burrow
2024,9,CIN,Joe Burrow
2024,8,CIN,Joe Burrow
2024,7,CIN,Joe Burrow
2024,6,CIN,Joe Burrow
2024,5,CIN,Joe Burrow
2024,4,CIN,Joe Burrow
2024,3,CIN,Joe Burrow
2024,2,CIN,Joe Burrow
2024,1,CIN,Joe Burrow
2023,18,CIN,Jake Browning
2023,17,CIN,Jake Browning
2023,16,CIN,Jake Browning
2023,15,CIN,Jake Browning
2023,14,CIN,Jake Browning
2023,13,CIN,Jake Browning
2023,12,CIN,Jake Browning
2023,11,CIN,Jake Browning
2023,10,CIN,Joe Burrow
2023,9,CIN,Joe Burrow
2023,8,CIN,Joe Burrow
2023,6,CIN,Joe Burrow
2023,5,CIN,Joe Burrow
2023,4,CIN,Joe Burrow
2023,3,CIN,Joe Burrow
2023,2,CIN,Joe Burrow
2023,1,CIN,Joe Burrow
2025,12,CLE,Shedeur Sanders
2025,11,CLE,Shedeur Sanders
2025,10,CLE,Dillon Gabriel
2025,8,CLE,Dillon Gabriel
2025,7,CLE,Dillon Gabriel
2025,6,CLE,Dillon Gabriel
2025,5,CLE,Dillon Gabriel
2025,4,CLE,Joe Flacco
2025,3,CLE,Joe Flacco
2025,2,CLE,Joe Flacco
2025,1,CLE,Joe Flacco
2024,18,CLE,Bailey Zappe
2024,17,CLE,Dorian Thompson-Robinson
2024,16,CLE,Dorian Thompson-Robinson
2024,15,CLE,Jameis Winston
2024,14,CLE,Jameis Winston
2024,13,CLE,Jameis Winston
2024,12,CLE,Jameis Winston
2024,11,CLE,Jameis Winston
2024,9,CLE,Jameis Winston
2024,8,CLE,Jameis Winston
2024,7,CLE,Dorian Thompson-Robinson
2024,6,CLE,Deshaun Watson
2024,5,CLE,Deshaun Watson
2024,4,CLE,Deshaun Watson
2024,3,CLE,Deshaun Watson
2024,2,CLE,Deshaun Watson
2024,1,CLE,Deshaun Watson
2023,19,CLE,Joe Flacco
2023,18,CLE,Jeff Driskel
2023,17,CLE,Joe Flacco
2023,16,CLE,Joe Flacco
2023,15,CLE,Joe Flacco
2023,14,CLE,Joe Flacco
2023,13,CLE,Joe Flacco
2023,12,CLE,Dorian Thompson-Robinson
2023,11,CLE,Dorian Thompson-Robinson
2023,10,CLE,Deshaun Watson
2023,9,CLE,Deshaun Watson
2023,8,CLE,PJ Walker
2023,7,CLE,PJ Walker
2023,6,CLE,PJ Walker
2023,4,CLE,Dorian Thompson-Robinson
2023,3,CLE,Deshaun Watson
2023,2,CLE,Deshaun Watson
2023,1,CLE,Deshaun Watson
2025,12,DAL,Dak Prescott
2025,11,DAL,Dak Prescott
2025,9,DAL,Dak Prescott
2025,8,DAL,Dak Prescott
2025,7,DAL,Dak Prescott
2025,6,DAL,Dak Prescott
2025,5,DAL,Dak Prescott
2025,4,DAL,Dak Prescott
2025,3,DAL,Dak Prescott
2025,2,DAL,Dak Prescott
2025,1,DAL,Dak Prescott
2024,18,DAL,Trey Lance
2024,17,DAL,Cooper Rush
2024,16,DAL,Cooper Rush
2024,15,DAL,Cooper Rush
2024,14,DAL,Cooper Rush
2024,13,DAL,Cooper Rush
2024,12,DAL,Cooper Rush
2024,11,DAL,Cooper Rush
2024,10,DAL,Cooper Rush
2024,9,DAL,Dak Prescott
2024,8,DAL,Dak Prescott
2024,6,DAL,Dak Prescott
2024,5,DAL,Dak Prescott
2024,4,DAL,Dak Prescott
2024,3,DAL,Dak Prescott
2024,2,DAL,Dak Prescott
2024,1,DAL,Dak Prescott
2023,19,DAL,Dak Prescott
2023,18,DAL,Dak Prescott
2023,17,DAL,Dak Prescott
2023,16,DAL,Dak Prescott
2023,15,DAL,Dak Prescott
2023,14,DAL,Dak Prescott
2023,13,DAL,Dak Prescott
2023,12,DAL,Dak Prescott
2023,11,DAL,Dak Prescott
2023,10,DAL,Dak Prescott
2023,9,DAL,Dak Prescott
2023,8,DAL,Dak Prescott
2023,6,DAL,Dak Prescott
2023,5,DAL,Dak Prescott
2023,4,DAL,Dak Prescott
2023,3,DAL,Dak Prescott
2023,2,DAL,Dak Prescott
2023,1,DAL,Dak Prescott
2025,11,DEN,Bo Nix
2025,10,DEN,Bo Nix
2025,9,DEN,Bo Nix
2025,8,DEN,Bo Nix
2025,7,DEN,Bo Nix
2025,6,DEN,Bo Nix
2025,5,DEN,Bo Nix
2025,4,DEN,Bo Nix
2025,3,DEN,Bo Nix
2025,2,DEN,Bo Nix
2025,1,DEN,Bo Nix
2024,19,DEN,Bo Nix
2024,18,DEN,Bo Nix
2024,17,DEN,Bo Nix
2024,16,DEN,Bo Nix
2024,15,DEN,Bo Nix
2024,13,DEN,Bo Nix
2024,12,DEN,Bo Nix
2024,11,DEN,Bo Nix
2024,10,DEN,Bo Nix
2024,9,DEN,Bo Nix
2024,8,DEN,Bo Nix
2024,7,DEN,Bo Nix
2024,6,DEN,Bo Nix
2024,5,DEN,Bo Nix
2024,4,DEN,Bo Nix
2024,3,DEN,Bo Nix
2024,2,DEN,Bo Nix
2024,1,DEN,Bo Nix
2023,18,DEN,Jarrett Stidham
2023,17,DEN,Jarrett Stidham
2023,16,DEN,Russell Wilson
2023,15,DEN,Russell Wilson
2023,14,DEN,Russell Wilson
2023,13,DEN,Russell Wilson
2023,12,DEN,Russell Wilson
2023,11,DEN,Russell Wilson
2023,10,DEN,Russell Wilson
2023,8,DEN,Russell Wilson
2023,7,DEN,Russell Wilson
2023,6,DEN,Russell Wilson
2023,5,DEN,Russell Wilson
2023,4,DEN,Russell Wilson
2023,3,DEN,Russell Wilson
2023,2,DEN,Russell Wilson
2023,1,DEN,Russell Wilson
2025,12,DET,Jared Goff
2025,11,DET,Jared Goff
2025,10,DET,Jared Goff
2025,9,DET,Jared Goff
2025,7,DET,Jared Goff
2025,6,DET,Jared Goff
2025,5,DET,Jared Goff
2025,4,DET,Jared Goff
2025,3,DET,Jared Goff
2025,2,DET,Jared Goff
2025,1,DET,Jared Goff
2024,20,DET,Jared Goff
2024,18,DET,Jared Goff
2024,17,DET,Jared Goff
2024,16,DET,Jared Goff
2024,15,DET,Jared Goff
2024,14,DET,Jared Goff
2024,13,DET,Jared Goff
2024,12,DET,Jared Goff
2024,11,DET,Jared Goff
2024,10,DET,Jared Goff
2024,9,DET,Jared Goff
2024,8,DET,Jared Goff
2024,7,DET,Jared Goff
2024,6,DET,Jared Goff
2024,4,DET,Jared Goff
2024,3,DET,Jared Goff
2024,2,DET,Jared Goff
2024,1,DET,Jared Goff
2023,21,DET,Jared Goff
2023,20,DET,Jared Goff
2023,19,DET,Jared Goff
2023,18,DET,Jared Goff
2023,17,DET,Jared Goff
2023,16,DET,Jared Goff
2023,15,DET,Jared Goff
2023,14,DET,Jared Goff
2023,13,DET,Jared Goff
2023,12,DET,Jared Goff
2023,11,DET,Jared Goff
2023,10,DET,Jared Goff
2023,8,DET,Jared Goff
2023,7,DET,Jared Goff
2023,6,DET,Jared Goff
2023,5,DET,Jared Goff
2023,4,DET,Jared Goff
2023,3,DET,Jared Goff
2023,2,DET,Jared Goff
2023,1,DET,Jared Goff
2025,12,GB,Jordan Love
2025,11,GB,Jordan Love
2025,10,GB,Jordan Love
2025,9,GB,Jordan Love
2025,8,GB,Jordan Love
2025,7,GB,Jordan Love
2025,6,GB,Jordan Love
2025,4,GB,Jordan Love
2025,3,GB,Jordan Love
2025,2,GB,Jordan Love
2025,1,GB,Jordan Love
2024,19,GB,Jordan Love
2024,18,GB,Malik Willis
2024,17,GB,Jordan Love
2024,16,GB,Jordan Love
2024,15,GB,Jordan Love
2024,14,GB,Jordan Love
2024,13,GB,Jordan Love
2024,12,GB,Jordan Love
2024,11,GB,Jordan Love
2024,9,GB,Jordan Love
2024,8,GB,Jordan Love
2024,7,GB,Jordan Love
2024,6,GB,Jordan Love
2024,5,GB,Jordan Love
2024,4,GB,Jordan Love
2024,3,GB,Malik Willis
2024,2,GB,Malik Willis
2024,1,GB,Jordan Love
2023,20,GB,Jordan Love
2023,19,GB,Jordan Love
2023,18,GB,Jordan Love
2023,17,GB,Jordan Love
2023,16,GB,Jordan Love
2023,15,GB,Jordan Love
2023,14,GB,Jordan Love
2023,13,GB,Jordan Love
2023,12,GB,Jordan Love
2023,11,GB,Jordan Love
2023,10,GB,Jordan Love
2023,9,GB,Jordan Love
2023,8,GB,Jordan Love
2023,7,GB,Jordan Love
2023,5,GB,Jordan Love
2023,4,GB,Jordan Love
2023,3,GB,Jordan Love
2023,2,GB,Jordan Love
2023,1,GB,Jordan Love
2025,12,HOU,Davis Mills
2025,11,HOU,Davis Mills
2025,10,HOU,Davis Mills
2025,9,HOU,Davis Mills
2025,8,HOU,CJ Stroud
2025,7,HOU,CJ Stroud
2025,5,HOU,CJ Stroud
2025,4,HOU,CJ Stroud
2025,3,HOU,CJ Stroud
2025,2,HOU,CJ Stroud
2025,1,HOU,CJ Stroud
2024,20,HOU,C.J. Stroud
2024,19,HOU,C.J. Stroud
2024,18,HOU,Davis Mills
2024,17,HOU,C.J. Stroud
2024,16,HOU,C.J. Stroud
2024,15,HOU,C.J. Stroud
2024,13,HOU,C.J. Stroud
2024,12,HOU,C.J. Stroud
2024,11,HOU,C.J. Stroud
2024,10,HOU,C.J. Stroud
2024,9,HOU,C.J. Stroud
2024,8,HOU,C.J. Stroud
2024,7,HOU,C.J. Stroud
2024,6,HOU,C.J. Stroud
2024,5,HOU,C.J. Stroud
2024,4,HOU,C.J. Stroud
2024,3,HOU,C.J. Stroud
2024,2,HOU,C.J. Stroud
2024,1,HOU,C.J. Stroud
2023,20,HOU,C.J. Stroud
2023,19,HOU,C.J. Stroud
2023,18,HOU,C.J. Stroud
2023,17,HOU,C.J. Stroud
2023,16,HOU,Davis Mills
2023,15,HOU,Case Keenum
2023,14,HOU,C.J. Stroud
2023,13,HOU,C.J. Stroud
2023,12,HOU,C.J. Stroud
2023,11,HOU,C.J. Stroud
2023,10,HOU,C.J. Stroud
2023,9,HOU,C.J. Stroud
2023,8,HOU,C.J. Stroud
2023,6,HOU,C.J. Stroud
2023,5,HOU,C.J. Stroud
2023,4,HOU,C.J. Stroud
2023,3,HOU,C.J. Stroud
2023,2,HOU,C.J. Stroud
2023,1,HOU,C.J. Stroud
2025,12,IND,Daniel Jones
2025,10,IND,Daniel Jones
2025,9,IND,Daniel Jones
2025,8,IND,Daniel Jones
2025,7,IND,Daniel Jones
2025,6,IND,Daniel Jones
2025,5,IND,Daniel Jones
2025,4,IND,Daniel Jones
2025,3,IND,Daniel Jones
2025,2,IND,Daniel Jones
2025,1,IND,Daniel Jones
2024,18,IND,Joe Flacco
2024,17,IND,Joe Flacco
2024,16,IND,Anthony Richardson
2024,15,IND,Anthony Richardson
2024,13,IND,Anthony Richardson
2024,12,IND,Anthony Richardson
2024,11,IND,Anthony Richardson
2024,10,IND,Joe Flacco
2024,9,IND,Joe Flacco
2024,8,IND,Anthony Richardson
2024,7,IND,Anthony Richardson
2024,6,IND,Joe Flacco
2024,5,IND,Joe Flacco
2024,4,IND,Joe Flacco
2024,3,IND,Anthony Richardson
2024,2,IND,Anthony Richardson
2024,1,IND,Anthony Richardson
2023,18,IND,Gardner Minshew
2023,17,IND,Gardner Minshew
2023,16,IND,Gardner Minshew
2023,15,IND,Gardner Minshew
2023,14,IND,Gardner Minshew
2023,13,IND,Gardner Minshew
2023,12,IND,Gardner Minshew
2023,10,IND,Gardner Minshew
2023,9,IND,Gardner Minshew
2023,8,IND,Gardner Minshew
2023,7,IND,Gardner Minshew
2023,6,IND,Gardner Minshew
2023,5,IND,Gardner Minshew
2023,4,IND,Anthony Richardson
2023,3,IND,Gardner Minshew
2023,2,IND,Gardner Minshew
2023,1,IND,Anthony Richardson
2025,12,JAX,Trevor Lawrence
2025,11,JAX,Trevor Lawrence
2025,10,JAX,Trevor Lawrence
2025,9,JAX,Trevor Lawrence
2025,7,JAX,Trevor Lawrence
2025,6,JAX,Trevor Lawrence
2025,5,JAX,Trevor Lawrence
2025,4,JAX,Trevor Lawrence
2025,3,JAX,Trevor Lawrence
2025,2,JAX,Trevor Lawrence
2025,1,JAX,Trevor Lawrence
2024,18,JAX,Mac Jones
2024,17,JAX,Mac Jones
2024,16,JAX,Mac Jones
2024,15,JAX,Mac Jones
2024,14,JAX,Mac Jones
2024,13,JAX,Mac Jones
2024,11,JAX,Mac Jones
2024,10,JAX,Mac Jones
2024,9,JAX,Trevor Lawrence
2024,8,JAX,Trevor Lawrence
2024,7,JAX,Trevor Lawrence
2024,6,JAX,Trevor Lawrence
2024,5,JAX,Trevor Lawrence
2024,4,JAX,Trevor Lawrence
2024,3,JAX,Trevor Lawrence
2024,2,JAX,Trevor Lawrence
2024,1,JAX,Trevor Lawrence
2023,18,JAX,Trevor Lawrence
2023,17,JAX,C.J. Beathard
2023,16,JAX,Trevor Lawrence
2023,15,JAX,Trevor Lawrence
2023,14,JAX,Trevor Lawrence
2023,13,JAX,Trevor Lawrence
2023,12,JAX,Trevor Lawrence
2023,11,JAX,Trevor Lawrence
2023,10,JAX,Trevor Lawrence
2023,8,JAX,Trevor Lawrence
2023,7,JAX,Trevor Lawrence
2023,6,JAX,Trevor Lawrence
2023,5,JAX,Trevor Lawrence
2023,4,JAX,Trevor Lawrence
2023,3,JAX,Trevor Lawrence
2023,2,JAX,Trevor Lawrence
2023,1,JAX,Trevor Lawrence
2025,12,KC,Patrick Mahomes
2025,11,KC,Patrick Mahomes
2025,9,KC,Patrick Mahomes
2025,8,KC,Patrick Mahomes
2025,7,KC,Patrick Mahomes
2025,6,KC,Patrick Mahomes
2025,5,KC,Patrick Mahomes
2025,4,KC,Patrick Mahomes
2025,3,KC,Patrick Mahomes
2025,2,KC,Patrick Mahomes
2025,1,KC,Patrick Mahomes
2024,22,KC,Patrick Mahomes
2024,21,KC,Patrick Mahomes
2024,20,KC,Patrick Mahomes
2024,18,KC,Carson Wentz
2024,17,KC,Patrick Mahomes
2024,16,KC,Patrick Mahomes
2024,15,KC,Patrick Mahomes
2024,14,KC,Patrick Mahomes
2024,13,KC,Patrick Mahomes
2024,12,KC,Patrick Mahomes
2024,11,KC,Patrick Mahomes
2024,10,KC,Patrick Mahomes
2024,9,KC,Patrick Mahomes
2024,8,KC,Patrick Mahomes
2024,7,KC,Patrick Mahomes
2024,5,KC,Patrick Mahomes
2024,4,KC,Patrick Mahomes
2024,3,KC,Patrick Mahomes
2024,2,KC,Patrick Mahomes
2024,1,KC,Patrick Mahomes
2023,22,KC,Patrick Mahomes
2023,21,KC,Patrick Mahomes
2023,20,KC,Patrick Mahomes
2023,19,KC,Patrick Mahomes
2023,18,KC,Blaine Gabbert
2023,17,KC,Patrick Mahomes
2023,16,KC,Patrick Mahomes
2023,15,KC,Patrick Mahomes
2023,14,KC,Patrick Mahomes
2023,13,KC,Patrick Mahomes
2023,12,KC,Patrick Mahomes
2023,11,KC,Patrick Mahomes
2023,9,KC,Patrick Mahomes
2023,8,KC,Patrick Mahomes
2023,7,KC,Patrick Mahomes
2023,6,KC,Patrick Mahomes
2023,5,KC,Patrick Mahomes
2023,4,KC,Patrick Mahomes
2023,3,KC,Patrick Mahomes
2023,2,KC,Patrick Mahomes
2023,1,KC,Patrick Mahomes
2025,12,LA,Matthew Stafford
2025,11,LA,Matthew Stafford
2025,10,LA,Matthew Stafford
2025,9,LA,Matthew Stafford
2025,7,LA,Matthew Stafford
2025,6,LA,Matthew Stafford
2025,5,LA,Matthew Stafford
2025,4,LA,Matthew Stafford
2025,3,LA,Matthew Stafford
2025,2,LA,Matthew Stafford
2025,1,LA,Matthew Stafford
2024,20,LA,Matthew Stafford
2024,19,LA,Matthew Stafford
2024,18,LA,Jimmy Garoppolo
2024,17,LA,Matthew Stafford
2024,16,LA,Matthew Stafford
2024,15,LA,Matthew Stafford
2024,14,LA,Matthew Stafford
2024,13,LA,Matthew Stafford
2024,12,LA,Matthew Stafford
2024,11,LA,Matthew Stafford
2024,10,LA,Matthew Stafford
2024,9,LA,Matthew Stafford
2024,8,LA,Matthew Stafford
2024,7,LA,Matthew Stafford
2024,5,LA,Matthew Stafford
2024,4,LA,Matthew Stafford
2024,3,LA,Matthew Stafford
2024,2,LA,Matthew Stafford
2024,1,LA,Matthew Stafford
2023,19,LA,Matthew Stafford
2023,18,LA,Carson Wentz
2023,17,LA,Matthew Stafford
2023,16,LA,Matthew Stafford
2023,15,LA,Matthew Stafford
2023,14,LA,Matthew Stafford
2023,13,LA,Matthew Stafford
2023,12,LA,Matthew Stafford
2023,11,LA,Matthew Stafford
2023,9,LA,Brett Rypien
2023,8,LA,Matthew Stafford
2023,7,LA,Matthew Stafford
2023,6,LA,Matthew Stafford
2023,5,LA,Matthew Stafford
2023,4,LA,Matthew Stafford
2023,3,LA,Matthew Stafford
2023,2,LA,Matthew Stafford
2023,1,LA,Matthew Stafford
2025,11,LAC,Justin Herbert
2025,10,LAC,Justin Herbert
2025,9,LAC,Justin Herbert
2025,8,LAC,Justin Herbert
2025,7,LAC,Justin Herbert
2025,6,LAC,Justin Herbert
2025,5,LAC,Justin Herbert
2025,4,LAC,Justin Herbert
2025,3,LAC,Justin Herbert
2025,2,LAC,Justin Herbert
2025,1,LAC,Justin Herbert
2024,19,LAC,Justin Herbert
2024,18,LAC,Justin Herbert
2024,17,LAC,Justin Herbert
2024,16,LAC,Justin Herbert
2024,15,LAC,Justin Herbert
2024,14,LAC,Justin Herbert
2024,13,LAC,Justin Herbert
2024,12,LAC,Justin Herbert
2024,11,LAC,Justin Herbert
2024,10,LAC,Justin Herbert
2024,9,LAC,Justin Herbert
2024,8,LAC,Justin Herbert
2024,7,LAC,Justin Herbert
2024,6,LAC,Justin Herbert
2024,4,LAC,Justin Herbert
2024,3,LAC,Justin Herbert
2024,2,LAC,Justin Herbert
2024,1,LAC,Justin Herbert
2023,18,LAC,Easton Stick
2023,17,LAC,Easton Stick
2023,16,LAC,Easton Stick
2023,15,LAC,Easton Stick
2023,14,LAC,Easton Stick
2023,13,LAC,Justin Herbert
2023,12,LAC,Justin Herbert
2023,11,LAC,Justin Herbert
2023,10,LAC,Justin Herbert
2023,9,LAC,Justin Herbert
2023,8,LAC,Justin Herbert
2023,7,LAC,Justin Herbert
2023,6,LAC,Justin Herbert
2023,4,LAC,Justin Herbert
2023,3,LAC,Justin Herbert
2023,2,LAC,Justin Herbert
2023,1,LAC,Justin Herbert
2025,12,LV,Geno Smith
2025,11,LV,Geno Smith
2025,10,LV,Geno Smith
2025,9,LV,Geno Smith
2025,7,LV,Geno Smith
2025,6,LV,Geno Smith
2025,5,LV,Geno Smith
2025,4,LV,Geno Smith
2025,3,LV,Geno Smith
2025,2,LV,Geno Smith
2025,1,LV,Geno Smith
2024,18,LV,Aidan O'Connell
2024,17,LV,Aidan O'Connell
2024,16,LV,Aidan O'Connell
2024,15,LV,Desmond Ridder
2024,14,LV,Aidan O'Connell
2024,13,LV,Aidan O'Connell
2024,12,LV,Gardner Minshew
2024,11,LV,Gardner Minshew
2024,9,LV,Desmond Ridder
2024,8,LV,Gardner Minshew
2024,7,LV,Gardner Minshew
2024,6,LV,Aidan O'Connell
2024,5,LV,Aidan O'Connell
2024,4,LV,Gardner Minshew
2024,3,LV,Gardner Minshew
2024,2,LV,Gardner Minshew
2024,1,LV,Gardner Minshew
2023,18,LV,Aidan O'Connell
2023,17,LV,Aidan O'Connell
2023,16,LV,Aidan O'Connell
2023,15,LV,Aidan O'Connell
2023,14,LV,Aidan O'Connell
2023,12,LV,Aidan O'Connell
2023,11,LV,Aidan O'Connell
2023,10,LV,Aidan O'Connell
2023,9,LV,Aidan O'Connell
2023,8,LV,Jimmy Garoppolo
2023,7,LV,Brian Hoyer
2023,6,LV,Jimmy Garoppolo
2023,5,LV,Jimmy Garoppolo
2023,4,LV,Aidan O'Connell
2023,3,LV,Jimmy Garoppolo
2023,2,LV,Jimmy Garoppolo
2023,1,LV,Jimmy Garoppolo
2025,11,MIA,Tua Tagovailoa
2025,10,MIA,Tua Tagovailoa
2025,9,MIA,Tua Tagovailoa
2025,8,MIA,Tua Tagovailoa
2025,7,MIA,Tua Tagovailoa
2025,6,MIA,Tua Tagovailoa
2025,5,MIA,Tua Tagovailoa
2025,4,MIA,Tua Tagovailoa
2025,3,MIA,Tua Tagovailoa
2025,2,MIA,Tua Tagovailoa
2025,1,MIA,Tua Tagovailoa
2024,18,MIA,Tyler Huntley
2024,17,MIA,Tyler Huntley
2024,16,MIA,Tua Tagovailoa
2024,15,MIA,Tua Tagovailoa
2024,14,MIA,Tua Tagovailoa
2024,13,MIA,Tua Tagovailoa
2024,12,MIA,Tua Tagovailoa
2024,11,MIA,Tua Tagovailoa
2024,10,MIA,Tua Tagovailoa
2024,9,MIA,Tua Tagovailoa
2024,8,MIA,Tua Tagovailoa
2024,7,MIA,Tyler Huntley
2024,5,MIA,Tyler Huntley
2024,4,MIA,Tyler Huntley
2024,3,MIA,Skylar Thompson
2024,2,MIA,Tua Tagovailoa
2024,1,MIA,Tua Tagovailoa
2023,19,MIA,Tua Tagovailoa
2023,18,MIA,Tua Tagovailoa
2023,17,MIA,Tua Tagovailoa
2023,16,MIA,Tua Tagovailoa
2023,15,MIA,Tua Tagovailoa
2023,14,MIA,Tua Tagovailoa
2023,13,MIA,Tua Tagovailoa
2023,12,MIA,Tua Tagovailoa
2023,11,MIA,Tua Tagovailoa
2023,9,MIA,Tua Tagovailoa
2023,8,MIA,Tua Tagovailoa
2023,7,MIA,Tua Tagovailoa
2023,6,MIA,Tua Tagovailoa
2023,5,MIA,Tua Tagovailoa
2023,4,MIA,Tua Tagovailoa
2023,3,MIA,Tua Tagovailoa
2023,2,MIA,Tua Tagovailoa
2023,1,MIA,Tua Tagovailoa
2025,12,MIN,JJ McCarthy
2025,11,MIN,JJ McCarthy
2025,10,MIN,JJ McCarthy
2025,9,MIN,JJ McCarthy
2025,8,MIN,Carson Wentz
2025,7,MIN,Carson Wentz
2025,5,MIN,Carson Wentz
2025,4,MIN,Carson Wentz
2025,3,MIN,Carson Wentz
2025,2,MIN,JJ McCarthy
2025,1,MIN,JJ McCarthy
2024,19,MIN,Sam Darnold
2024,18,MIN,Sam Darnold
2024,17,MIN,Sam Darnold
2024,16,MIN,Sam Darnold
2024,15,MIN,Sam Darnold
2024,14,MIN,Sam Darnold
2024,13,MIN,Sam Darnold
2024,12,MIN,Sam Darnold
2024,11,MIN,Sam Darnold
2024,10,MIN,Sam Darnold
2024,9,MIN,Sam Darnold
2024,8,MIN,Sam Darnold
2024,7,MIN,Sam Darnold
2024,5,MIN,Sam Darnold
2024,4,MIN,Sam Darnold
2024,3,MIN,Sam Darnold
2024,2,MIN,Sam Darnold
2024,1,MIN,Sam Darnold
2023,18,MIN,Nick Mullens
2023,17,MIN,Nick Mullens
2023,16,MIN,Nick Mullens
2023,15,MIN,Nick Mullens
2023,14,MIN,Joshua Dobbs
2023,12,MIN,Joshua Dobbs
2023,11,MIN,Joshua Dobbs
2023,10,MIN,Joshua Dobbs
2023,9,MIN,Joshua Dobbs
2023,8,MIN,Kirk Cousins
2023,7,MIN,Kirk Cousins
2023,6,MIN,Kirk Cousins
2023,5,MIN,Kirk Cousins
2023,4,MIN,Kirk Cousins
2023,3,MIN,Kirk Cousins
2023,2,MIN,Kirk Cousins
2023,1,MIN,Kirk Cousins
2025,12,NE,Drake Maye
2025,11,NE,Drake Maye
2025,10,NE,Drake Maye
2025,9,NE,Drake Maye
2025,8,NE,Drake Maye
2025,7,NE,Drake Maye
2025,6,NE,Drake Maye
2025,5,NE,Drake Maye
2025,4,NE,Drake Maye
2025,3,NE,Drake Maye
2025,2,NE,Drake Maye
2025,1,NE,Drake Maye
2024,18,NE,Joe Milton III
2024,17,NE,Drake Maye
2024,16,NE,Drake Maye
2024,15,NE,Drake Maye
2024,13,NE,Drake Maye
2024,12,NE,Drake Maye
2024,11,NE,Drake Maye
2024,10,NE,Drake Maye
2024,9,NE,Drake Maye
2024,8,NE,Jacoby Brissett
2024,7,NE,Drake Maye
2024,6,NE,Drake Maye
2024,5,NE,Jacoby Brissett
2024,4,NE,Jacoby Brissett
2024,3,NE,Jacoby Brissett
2024,2,NE,Jacoby Brissett
2024,1,NE,Jacoby Brissett
2023,18,NE,Bailey Zappe
2023,17,NE,Bailey Zappe
2023,16,NE,Bailey Zappe
2023,15,NE,Bailey Zappe
2023,14,NE,Bailey Zappe
2023,13,NE,Bailey Zappe
2023,12,NE,Mac Jones
2023,10,NE,Mac Jones
2023,9,NE,Mac Jones
2023,8,NE,Mac Jones
2023,7,NE,Mac Jones
2023,6,NE,Mac Jones
2023,5,NE,Mac Jones
2023,4,NE,Mac Jones
2023,3,NE,Mac Jones
2023,2,NE,Mac Jones
2023,1,NE,Mac Jones
2025,12,NO,Tyler Shough
2025,10,NO,Tyler Shough
2025,9,NO,Tyler Shough
2025,8,NO,Tyler Shough
2025,7,NO,Spencer Rattler
2025,6,NO,Spencer Rattler
2025,5,NO,Spencer Rattler
2025,4,NO,Spencer Rattler
2025,3,NO,Spencer Rattler
2025,2,NO,Spencer Rattler
2025,1,NO,Spencer Rattler
2024,18,NO,Spencer Rattler
2024,17,NO,Spencer Rattler
2024,16,NO,Spencer Rattler
2024,15,NO,Spencer Rattler
2024,14,NO,Derek Carr
2024,13,NO,Derek Carr
2024,11,NO,Derek Carr
2024,10,NO,Derek Carr
2024,9,NO,Derek Carr
2024,8,NO,Spencer Rattler
2024,7,NO,Spencer Rattler
2024,6,NO,Spencer Rattler
2024,5,NO,Derek Carr
2024,4,NO,Derek Carr
2024,3,NO,Derek Carr
2024,2,NO,Derek Carr
2024,1,NO,Derek Carr
2023,18,NO,Derek Carr
2023,17,NO,Derek Carr
2023,16,NO,Derek Carr
2023,15,NO,Derek Carr
2023,14,NO,Derek Carr
2023,13,NO,Derek Carr
2023,12,NO,Derek Carr
2023,10,NO,Jameis Winston
2023,9,NO,Derek Carr
2023,8,NO,Derek Carr
2023,7,NO,Derek Carr
2023,6,NO,Derek Carr
2023,5,NO,Derek Carr
2023,4,NO,Derek Carr
2023,3,NO,Derek Carr
2023,2,NO,Derek Carr
2023,1,NO,Derek Carr
2025,12,NYG,Jameis Winston
2025,11,NYG,Jameis Winston
2025,10,NYG,Jaxson Dart
2025,9,NYG,Jaxson Dart
2025,8,NYG,Jaxson Dart
2025,7,NYG,Jaxson Dart
2025,6,NYG,Jaxson Dart
2025,5,NYG,Jaxson Dart
2025,4,NYG,Jaxson Dart
2025,3,NYG,Russell Wilson
2025,2,NYG,Russell Wilson
2025,1,NYG,Russell Wilson
2024,18,NYG,Drew Lock
2024,17,NYG,Drew Lock
2024,16,NYG,Drew Lock
2024,15,NYG,Tim Boyle
2024,14,NYG,Drew Lock
2024,13,NYG,Drew Lock
2024,12,NYG,Tommy DeVito
2024,10,NYG,Daniel Jones
2024,9,NYG,Daniel Jones
2024,8,NYG,Daniel Jones
2024,7,NYG,Daniel Jones
2024,6,NYG,Daniel Jones
2024,5,NYG,Daniel Jones
2024,4,NYG,Daniel Jones
2024,3,NYG,Daniel Jones
2024,2,NYG,Daniel Jones
2024,1,NYG,Daniel Jones
2023,18,NYG,Tyrod Taylor
2023,17,NYG,Tyrod Taylor
2023,16,NYG,Tommy DeVito
2023,15,NYG,Tommy DeVito
2023,14,NYG,Tommy DeVito
2023,12,NYG,Tommy DeVito
2023,11,NYG,Tommy DeVito
2023,10,NYG,Tommy DeVito
2023,9,NYG,Tommy DeVito
2023,8,NYG,Tyrod Taylor
2023,7,NYG,Tyrod Taylor
2023,6,NYG,Tyrod Taylor
2023,5,NYG,Daniel Jones
2023,4,NYG,Daniel Jones
2023,3,NYG,Daniel Jones
2023,2,NYG,Daniel Jones
2023,1,NYG,Daniel Jones
2025,12,NYJ,Tyrod Taylor
2025,11,NYJ,Justin Fields
2025,10,NYJ,Justin Fields
2025,8,NYJ,Justin Fields
2025,7,NYJ,Tyrod Taylor
2025,6,NYJ,Justin Fields
2025,5,NYJ,Justin Fields
2025,4,NYJ,Justin Fields
2025,3,NYJ,Tyrod Taylor
2025,2,NYJ,Tyrod Taylor
2025,1,NYJ,Justin Fields
2024,18,NYJ,Aaron Rodgers
2024,17,NYJ,Aaron Rodgers
2024,16,NYJ,Aaron Rodgers
2024,15,NYJ,Aaron Rodgers
2024,14,NYJ,Aaron Rodgers
2024,13,NYJ,Aaron Rodgers
2024,11,NYJ,Aaron Rodgers
2024,10,NYJ,Aaron Rodgers
2024,9,NYJ,Aaron Rodgers
2024,8,NYJ,Aaron Rodgers
2024,7,NYJ,Aaron Rodgers
2024,6,NYJ,Aaron Rodgers
2024,5,NYJ,Aaron Rodgers
2024,4,NYJ,Aaron Rodgers
2024,3,NYJ,Aaron Rodgers
2024,2,NYJ,Aaron Rodgers
2024,1,NYJ,Aaron Rodgers
2023,18,NYJ,Trevor Siemian
2023,17,NYJ,Trevor Siemian
2023,16,NYJ,Trevor Siemian
2023,15,NYJ,Trevor Siemian
2023,14,NYJ,Zach Wilson
2023,13,NYJ,Tim Boyle
2023,12,NYJ,Tim Boyle
2023,11,NYJ,Zach Wilson
2023,10,NYJ,Zach Wilson
2023,9,NYJ,Zach Wilson
2023,8,NYJ,Zach Wilson
2023,6,NYJ,Zach Wilson
2023,5,NYJ,Zach Wilson
2023,4,NYJ,Zach Wilson
2023,3,NYJ,Zach Wilson
2023,2,NYJ,Zach Wilson
2023,1,NYJ,Zach Wilson
2025,12,PHI,Jalen Hurts
2025,11,PHI,Jalen Hurts
2025,10,PHI,Jalen Hurts
2025,8,PHI,Jalen Hurts
2025,7,PHI,Jalen Hurts
2025,6,PHI,Jalen Hurts
2025,5,PHI,Jalen Hurts
2025,4,PHI,Jalen Hurts
2025,3,PHI,Jalen Hurts
2025,2,PHI,Jalen Hurts
2025,1,PHI,Jalen Hurts
2024,22,PHI,Jalen Hurts
2024,21,PHI,Jalen Hurts
2024,20,PHI,Jalen Hurts
2024,19,PHI,Jalen Hurts
2024,18,PHI,Tanner McKee
2024,17,PHI,Kenny Pickett
2024,16,PHI,Kenny Pickett
2024,15,PHI,Jalen Hurts
2024,14,PHI,Jalen Hurts
2024,13,PHI,Jalen Hurts
2024,12,PHI,Jalen Hurts
2024,11,PHI,Jalen Hurts
2024,10,PHI,Jalen Hurts
2024,9,PHI,Jalen Hurts
2024,8,PHI,Jalen Hurts
2024,7,PHI,Jalen Hurts
2024,6,PHI,Jalen Hurts
2024,4,PHI,Jalen Hurts
2024,3,PHI,Jalen Hurts
2024,2,PHI,Jalen Hurts
2024,1,PHI,Jalen Hurts
2023,19,PHI,Jalen Hurts
2023,18,PHI,Marcus Mariota
2023,17,PHI,Jalen Hurts
2023,16,PHI,Jalen Hurts
2023,15,PHI,Jalen Hurts
2023,14,PHI,Jalen Hurts
2023,13,PHI,Jalen Hurts
2023,12,PHI,Jalen Hurts
2023,11,PHI,Jalen Hurts
2023,9,PHI,Jalen Hurts
2023,8,PHI,Jalen Hurts
2023,7,PHI,Jalen Hurts
2023,6,PHI,Jalen Hurts
2023,5,PHI,Jalen Hurts
2023,4,PHI,Jalen Hurts
2023,3,PHI,Jalen Hurts
2023,2,PHI,Jalen Hurts
2023,1,PHI,Jalen Hurts
2025,12,PIT,Mason Rudolph
2025,11,PIT,Aaron Rodgers
2025,10,PIT,Aaron Rodgers
2025,9,PIT,Aaron Rodgers
2025,8,PIT,Aaron Rodgers
2025,7,PIT,Aaron Rodgers
2025,6,PIT,Aaron Rodgers
2025,4,PIT,Aaron Rodgers
2025,3,PIT,Aaron Rodgers
2025,2,PIT,Aaron Rodgers
2025,1,PIT,Aaron Rodgers
2024,19,PIT,Russell Wilson
2024,18,PIT,Russell Wilson
2024,17,PIT,Russell Wilson
2024,16,PIT,Russell Wilson
2024,15,PIT,Russell Wilson
2024,14,PIT,Russell Wilson
2024,13,PIT,Russell Wilson
2024,12,PIT,Russell Wilson
2024,11,PIT,Russell Wilson
2024,10,PIT,Russell Wilson
2024,8,PIT,Russell Wilson
2024,7,PIT,Russell Wilson
2024,6,PIT,Justin Fields
2024,5,PIT,Justin Fields
2024,4,PIT,Justin Fields
2024,3,PIT,Justin Fields
2024,2,PIT,Justin Fields
2024,1,PIT,Justin Fields
2023,19,PIT,Mason Rudolph
2023,18,PIT,Mason Rudolph
2023,17,PIT,Mason Rudolph
2023,16,PIT,Mason Rudolph
2023,15,PIT,Mitchell Trubisky
2023,14,PIT,Mitchell Trubisky
2023,13,PIT,Mitchell Trubisky
2023,12,PIT,Kenny Pickett
2023,11,PIT,Kenny Pickett
2023,10,PIT,Kenny Pickett
2023,9,PIT,Kenny Pickett
2023,8,PIT,Mitchell Trubisky
2023,7,PIT,Kenny Pickett
2023,5,PIT,Kenny Pickett
2023,4,PIT,Kenny Pickett
2023,3,PIT,Kenny Pickett
2023,2,PIT,Kenny Pickett
2023,1,PIT,Kenny Pickett
2025,12,SEA,Sam Darnold
2025,11,SEA,Sam Darnold
2025,10,SEA,Sam Darnold
2025,9,SEA,Sam Darnold
2025,7,SEA,Sam Darnold
2025,6,SEA,Sam Darnold
2025,5,SEA,Sam Darnold
2025,4,SEA,Sam Darnold
2025,3,SEA,Sam Darnold
2025,2,SEA,Sam Darnold
2025,1,SEA,Sam Darnold
2024,18,SEA,Geno Smith
2024,17,SEA,Geno Smith
2024,16,SEA,Geno Smith
2024,15,SEA,Geno Smith
2024,14,SEA,Geno Smith
2024,13,SEA,Geno Smith
2024,12,SEA,Geno Smith
2024,11,SEA,Geno Smith
2024,9,SEA,Geno Smith
2024,8,SEA,Geno Smith
2024,7,SEA,Geno Smith
2024,6,SEA,Geno Smith
2024,5,SEA,Geno Smith
2024,4,SEA,Geno Smith
2024,3,SEA,Geno Smith
2024,2,SEA,Geno Smith
2024,1,SEA,Geno Smith
2023,18,SEA,Geno Smith
2023,17,SEA,Geno Smith
2023,16,SEA,Geno Smith
2023,15,SEA,Drew Lock
2023,14,SEA,Drew Lock
2023,13,SEA,Geno Smith
2023,12,SEA,Geno Smith
2023,11,SEA,Geno Smith
2023,10,SEA,Geno Smith
2023,9,SEA,Geno Smith
2023,8,SEA,Geno Smith
2023,7,SEA,Geno Smith
2023,6,SEA,Geno Smith
2023,4,SEA,Geno Smith
2023,3,SEA,Geno Smith
2023,2,SEA,Geno Smith
2023,1,SEA,Geno Smith
2025,12,SF,Brock Purdy
2025,11,SF,Brock Purdy
2025,10,SF,Mac Jones
2025,9,SF,Mac Jones
2025,8,SF,Mac Jones
2025,7,SF,Mac Jones
2025,6,SF,Mac Jones
2025,5,SF,Mac Jones
2025,4,SF,Brock Purdy
2025,3,SF,Mac Jones
2025,2,SF,Mac Jones
2025,1,SF,Brock Purdy
2024,18,SF,Joshua Dobbs
2024,17,SF,Brock Purdy
2024,16,SF,Brock Purdy
2024,15,SF,Brock Purdy
2024,14,SF,Brock Purdy
2024,13,SF,Brock Purdy
2024,12,SF,Brandon Allen
2024,11,SF,Brock Purdy
2024,10,SF,Brock Purdy
2024,8,SF,Brock Purdy
2024,7,SF,Brock Purdy
2024,6,SF,Brock Purdy
2024,5,SF,Brock Purdy
2024,4,SF,Brock Purdy
2024,3,SF,Brock Purdy
2024,2,SF,Brock Purdy
2024,1,SF,Brock Purdy
2023,22,SF,Brock Purdy
2023,21,SF,Brock Purdy
2023,20,SF,Brock Purdy
2023,18,SF,Sam Darnold
2023,17,SF,Brock Purdy
2023,16,SF,Brock Purdy
2023,15,SF,Brock Purdy
2023,14,SF,Brock Purdy
2023,13,SF,Brock Purdy
2023,12,SF,Brock Purdy
2023,11,SF,Brock Purdy
2023,10,SF,Brock Purdy
2023,8,SF,Brock Purdy
2023,7,SF,Brock Purdy
2023,6,SF,Brock Purdy
2023,5,SF,Brock Purdy
2023,4,SF,Brock Purdy
2023,3,SF,Brock Purdy
2023,2,SF,Brock Purdy
2023,1,SF,Brock Purdy
2025,12,TB,Baker Mayfield
2025,11,TB,Baker Mayfield
2025,10,TB,Baker Mayfield
2025,8,TB,Baker Mayfield
2025,7,TB,Baker Mayfield
2025,6,TB,Baker Mayfield
2025,5,TB,Baker Mayfield
2025,4,TB,Baker Mayfield
2025,3,TB,Baker Mayfield
2025,2,TB,Baker Mayfield
2025,1,TB,Baker Mayfield
2024,19,TB,Baker Mayfield
2024,18,TB,Baker Mayfield
2024,17,TB,Baker Mayfield
2024,16,TB,Baker Mayfield
2024,15,TB,Baker Mayfield
2024,14,TB,Baker Mayfield
2024,13,TB,Baker Mayfield
2024,12,TB,Baker Mayfield
2024,10,TB,Baker Mayfield
2024,9,TB,Baker Mayfield
2024,8,TB,Baker Mayfield
2024,7,TB,Baker Mayfield
2024,6,TB,Baker Mayfield
2024,5,TB,Baker Mayfield
2024,4,TB,Baker Mayfield
2024,3,TB,Baker Mayfield
2024,2,TB,Baker Mayfield
2024,1,TB,Baker Mayfield
2023,20,TB,Baker Mayfield
2023,19,TB,Baker Mayfield
2023,18,TB,Baker Mayfield
2023,17,TB,Baker Mayfield
2023,16,TB,Baker Mayfield
2023,15,TB,Baker Mayfield
2023,14,TB,Baker Mayfield
2023,13,TB,Baker Mayfield
2023,12,TB,Baker Mayfield
2023,11,TB,Baker Mayfield
2023,10,TB,Baker Mayfield
2023,9,TB,Baker Mayfield
2023,8,TB,Baker Mayfield
2023,7,TB,Baker Mayfield
2023,6,TB,Baker Mayfield
2023,4,TB,Baker Mayfield
2023,3,TB,Baker Mayfield
2023,2,TB,Baker Mayfield
2023,1,TB,Baker Mayfield
2025,12,TEN,Cameron Ward
2025,11,TEN,Cameron Ward
2025,9,TEN,Cameron Ward
2025,8,TEN,Cameron Ward
2025,7,TEN,Cameron Ward
2025,6,TEN,Cameron Ward
2025,5,TEN,Cameron Ward
2025,4,TEN,Cameron Ward
2025,3,TEN,Cameron Ward
2025,2,TEN,Cameron Ward
2025,1,TEN,Cameron Ward
2024,18,TEN,Will Levis
2024,17,TEN,Mason Rudolph
2024,16,TEN,Mason Rudolph
2024,15,TEN,Mason Rudolph
2024,14,TEN,Will Levis
2024,13,TEN,Will Levis
2024,12,TEN,Will Levis
2024,11,TEN,Will Levis
2024,10,TEN,Will Levis
2024,9,TEN,Mason Rudolph
2024,8,TEN,Mason Rudolph
2024,7,TEN,Mason Rudolph
2024,6,TEN,Will Levis
2024,4,TEN,Mason Rudolph
2024,3,TEN,Will Levis
2024,2,TEN,Will Levis
2024,1,TEN,Will Levis
2023,18,TEN,Ryan Tannehill
2023,17,TEN,Ryan Tannehill
2023,16,TEN,Ryan Tannehill
2023,15,TEN,Will Levis
2023,14,TEN,Will Levis
2023,13,TEN,Will Levis
2023,12,TEN,Will Levis
2023,11,TEN,Will Levis
2023,10,TEN,Will Levis
2023,9,TEN,Will Levis
2023,8,TEN,Will Levis
2023,6,TEN,Ryan Tannehill
2023,5,TEN,Ryan Tannehill
2023,4,TEN,Ryan Tannehill
2023,3,TEN,Ryan Tannehill
2023,2,TEN,Ryan Tannehill
2023,1,TEN,Ryan Tannehill
2025,11,WAS,Marcus Mariota
2025,10,WAS,Marcus Mariota
2025,9,WAS,Jayden Daniels
2025,8,WAS,Marcus Mariota
2025,7,WAS,Jayden Daniels
2025,6,WAS,Jayden Daniels
2025,5,WAS,Jayden Daniels
2025,4,WAS,Marcus Mariota
2025,3,WAS,Marcus Mariota
2025,2,WAS,Jayden Daniels
2025,1,WAS,Jayden Daniels
2024,21,WAS,Jayden Daniels
2024,20,WAS,Jayden Daniels
2024,19,WAS,Jayden Daniels
2024,18,WAS,Marcus Mariota
2024,17,WAS,Jayden Daniels
2024,16,WAS,Jayden Daniels
2024,15,WAS,Jayden Daniels
2024,13,WAS,Jayden Daniels
2024,12,WAS,Jayden Daniels
2024,11,WAS,Jayden Daniels
2024,10,WAS,Jayden Daniels
2024,9,WAS,Jayden Daniels
2024,8,WAS,Jayden Daniels
2024,7,WAS,Marcus Mariota
2024,6,WAS,Jayden Daniels
2024,5,WAS,Jayden Daniels
2024,4,WAS,Jayden Daniels
2024,3,WAS,Jayden Daniels
2024,2,WAS,Jayden Daniels
2024,1,WAS,Jayden Daniels
2023,18,WAS,Sam Howell
2023,17,WAS,Sam Howell
2023,16,WAS,Sam Howell
2023,15,WAS,Sam Howell
2023,13,WAS,Sam Howell
2023,12,WAS,Sam Howell
2023,11,WAS,Sam Howell
2023,10,WAS,Sam Howell
2023,9,WAS,Sam Howell
2023,8,WAS,Sam Howell
2023,7,WAS,Sam Howell
2023,6,WAS,Sam Howell
2023,5,WAS,Sam Howell
2023,4,WAS,Sam Howell
2023,3,WAS,Sam Howell
2023,2,WAS,Sam Howell
2023,1,WAS,Sam Howell
